Workbook

Sheet ha_antibody_complexes
A1: PDB | B1: PDB+Chains | C1: Antibody name(s) / notes | D1: Cluster | E1: Antigen name | F1: Antigen species / Flu strain | G1: Year | H1: Organism (antibody source) | I1: Resolution (√Ö) | J1: Method | K1: SAbDab URL | L1: RCSB URL | M1: VH/VL genes
A2: 5UGY | B2: 5ugyMI | C2: CH65 | D2: 1 | E2: hemagglutinin H1 | F2: influenza a virus (a/solomonislands/3/2006(h1n1)) | G2: 2006 | H2: Homo sapiens | I2: 2.801 | J2: X-RAY DIFFRACTION | K2: https://opig.stats.ox.ac.uk/webapps/sabdab-sabpred/sabdab/structureviewer/?pdb=5ugy | L2: https://www.rcsb.org/structure/5ugy | M2: IGHV1; IGLV3; homo sapiens
A3: 4HKX | B3: 4hkxBA | C3: CH67 | D3: 1 | E3: hemagglutinin H1 | F3: influenza A virus A/Solomon Islands/3/2006 (H1N1) | G3: 2006 | H3: Homo sapiens | I3: 2.5 | J3: X-RAY DIFFRACTION | K3: https://opig.stats.ox.ac.uk/webapps/sabdab-sabpred/sabdab/structureviewer/?pdb=4hkx | L3: https://www.rcsb.org/structure/4hkx | M3: IGHV1; IGLV3; homo sapiens
A4: 6Q18 | B4: 6q18LH | C4: H1244 | D4: 1 | E4: hemagglutinin H1 | F4: influenza a virus (a/beijing/262/1995(h1n1)) | G4: 1995 | H4: Homo sapiens | I4: 2.55 | J4: X-RAY DIFFRACTION | K4: https://opig.stats.ox.ac.uk/webapps/sabdab-sabpred/sabdab/structureviewer/?pdb=6q18 | L4: https://www.rcsb.org/structure/6q18 | M4: IGHV4; IGLV3; homo sapiens
A5: 6Q0O | B5: 6q0oBZ | C5: H2227 | D5: 1 | E5: hemagglutinin head domain | F5: influenza A virus (A/Solomon Islands/3/2006 (H1N1)) | G5: 2006 | H5: Homo sapiens | I5: 3 | J5: X-RAY DIFFRACTION | K5: https://opig.stats.ox.ac.uk/webapps/sabdab-sabpred/sabdab/structureviewer/?pdb=6q0o | L5: https://www.rcsb.org/structure/6q0o | M5: IGHV4; IGLV3; homo sapiens
A6: 4YJZ | B6: 4yjzLl | C6: H2526 | D6: 1 | E6: hemagglutinin H1 | F6: influenza A virus (A/Solomon Islands/3/2006 (H1N1)) | G6: 2006 | H6: Homo sapiens | I6: 2.72 | J6: X-RAY DIFFRACTION | K6: https://opig.stats.ox.ac.uk/webapps/sabdab-sabpred/sabdab/structureviewer/?pdb=4yjz | L6: https://www.rcsb.org/structure/4yjz | M6: homo sapiens; unknown
A7: 5UG0 | B7: 5ug0CD | C7: H2897 | D7: 1 | E7: hemagglutinin H1 | F7: influenza a virus (a/solomonislands/3/2006(h1n1)) | G7: 2006 | H7: Homo sapiens | I7: 3.4 | J7: X-RAY DIFFRACTION | K7: https://opig.stats.ox.ac.uk/webapps/sabdab-sabpred/sabdab/structureviewer/?pdb=5ug0 | L7: https://www.rcsb.org/structure/5ug0 | M7: IGHV3; IGKV3; homo sapiens
A8: 5UJZ | B8: 5ujziI | C8: K1915 | D8: 1 | E8: hemagglutinin H1 | F8: influenza a virus (a/solomonislands/3/2006(h1n1)) | G8: 2006 | H8: Homo sapiens | I8: 4.8 | J8: ELECTRON MICROSCOPY | K8: https://opig.stats.ox.ac.uk/webapps/sabdab-sabpred/sabdab/structureviewer/?pdb=5ujz | L8: https://www.rcsb.org/structure/5ujz | M8: homo sapiens; unknown
A9: 6Q0H | B9: 6q0hLH | C9: Lineage 652 I-7-0 | D9: 1 | E9: hemagglutinin H1 | F9: influenza a virus (a/beijing/262/1995(h1n1)) | G9: 1995 | H9: Homo sapiens | I9: 2.75 | J9: X-RAY DIFFRACTION | K9: https://opig.stats.ox.ac.uk/webapps/sabdab-sabpred/sabdab/structureviewer/?pdb=6q0h | L9: https://www.rcsb.org/structure/6q0h | M9: IGHV4; IGLV3; homo sapiens
A10: 6Q0L | B10: 6q0lLH | C10: Lineage 652 I-7-1 | D10: 1 | E10: hemagglutinin H1 | F10: influenza a virus (a/beijing/262/1995(h1n1)) | G10: 1995 | H10: Homo sapiens | I10: 2.5 | J10: X-RAY DIFFRACTION | K10: https://opig.stats.ox.ac.uk/webapps/sabdab-sabpred/sabdab/structureviewer/?pdb=6q0l | L10: https://www.rcsb.org/structure/6q0l | M10: IGHV4; IGLV3; homo sapiens
A11: 6Q0I | B11: 6q0iLH | C11: Lineage 652 I-7-6 | D11: 1 | E11: hemagglutinin H1 | F11: influenza a virus (a/beijing/262/1995(h1n1)) | G11: 1995 | H11: Homo sapiens | I11: 2.702 | J11: X-RAY DIFFRACTION | K11: https://opig.stats.ox.ac.uk/webapps/sabdab-sabpred/sabdab/structureviewer/?pdb=6q0i | L11: https://www.rcsb.org/structure/6q0i | M11: IGHV4; IGLV3; homo sapiens
A12: 6Q0E | B12: 6q0eLH | C12: Lineage 652 UCA | D12: 1 | E12: hemagglutinin H1 | F12: influenza a virus (a/beijing/262/1995(h1n1)) | G12: 1995 | H12: Homo sapiens | I12: 2.15 | J12: X-RAY DIFFRACTION | K12: https://opig.stats.ox.ac.uk/webapps/sabdab-sabpred/sabdab/structureviewer/?pdb=6q0e | L12: https://www.rcsb.org/structure/6q0e | M12: IGHV4; IGLV3; homo sapiens
A13: 6XGC | B13: 6xgcLH | C13: 1C4 | D13: 2 | E13: hemagglutinin H1 | F13: influenza a virus (a/michigan/45/2015(h1n1)) | influenza a virus (a/michigan/45/2015(h1n1)) | G13: 2015 | H13: Macaca Fascicularis | I13: 4.1 | J13: ELECTRON MICROSCOPY | K13: https://opig.stats.ox.ac.uk/webapps/sabdab-sabpred/sabdab/structureviewer/?pdb=6xgc | L13: https://www.rcsb.org/structure/6xgc | M13: IGHV3; IGLV1; macaca fascicularis
... A35: 5XHV | B35: 5xhvLH | C35: S40 | D35: 4 | E35: hemagglutinin H1 | F35: influenza a virus (a/california/07/2009(h1n1)) | G35: 2009 | H35: Homo sapiens | I35: 3.35 | J35: X-RAY DIFFRACTION | K35: https://opig.stats.ox.ac.uk/webapps/sabdab-sabpred/sabdab/structureviewer/?pdb=5xhv | L35: https://www.rcsb.org/structure/5xhv | M35: IGHV3; IGKV1; homo sapiens
A36: 5W6G | B36: 5w6gLH | C36: 6649 | D36: 5 | E36: hemagglutinin H1 | F36: influenza a virus (a/solomonislands/3/2006(h1n1)) | G36: 2006 | H36: Homo sapiens | I36: 2.79 | J36: X-RAY DIFFRACTION | K36: https://opig.stats.ox.ac.uk/webapps/sabdab-sabpred/sabdab/structureviewer/?pdb=5w6g | L36: https://www.rcsb.org/structure/5w6g | M36: IGHV4; IGLV1; homo sapiens
A37: 7MEM | B37: 7memJG | C37: 045-09 2B05 | D37: 5 | E37: hemagglutinin H1 | F37: influenza a virus (strain swla/california/04/2009 h1n1) | G37: 2009 | H37: Homo sapiens | I37: 3.2 | J37: ELECTRON MICROSCOPY | K37: https://opig.stats.ox.ac.uk/webapps/sabdab-sabpred/sabdab/structureviewer/?pdb=7mem | L37: https://www.rcsb.org/structure/7mem | M37: IGHV3; IGKV1; homo sapiens
A38: 4LVH | B38: 4lvhLK | C38: GC0587 | D38: 5 | E38: hemagglutinin H1 | F38: influenza A virus (A/Korea/01/2009 (H1N1)) | G38: 2009 | H38: Mus Musculus | I38: 2.8 | J38: X-RAY DIFFRACTION | K38: https://opig.stats.ox.ac.uk/webapps/sabdab-sabpred/sabdab/structureviewer/?pdb=4lvh | L38: https://www.rcsb.org/structure/4lvh | M38: IGHV5; IGKV3; mus musculus
A39: 4F15 | B39: 4f15LK | C39: NA (4f15LK) | D39: 5 | E39: hemagglutinin H1 | F39: influenza A virus (A/Korea/01/2009 (H1N1)) | G39: 2009 | H39: Mus Musculus | I39: 2.81 | J39: X-RAY DIFFRACTION | K39: https://opig.stats.ox.ac.uk/webapps/sabdab-sabpred/sabdab/structureviewer/?pdb=4f15 | L39: https://www.rcsb.org/structure/4f15 | M39: IGHV3; IGKV7; mus musculus
A40: 6OC3 | B40: 6oc3DC | C40: FluA-20 | D40: 6 | E40: hemagglutinin H1 | F40: influenza a virus (a/solomonislands/3/2006(h1n1)) | G40: 2006 | H40: Homo sapiens | I40: 2.85 | J40: X-RAY DIFFRACTION | K40: https://opig.stats.ox.ac.uk/webapps/sabdab-sabpred/sabdab/structureviewer/?pdb=6oc3 | L40: https://www.rcsb.org/structure/6oc3 | M40: IGHV4; IGKV1; homo sapiens
A41: 6XQ0 | B41: 6xq0CB | C41: S8V2-18 | D41: 6 | E41: hemagglutinin H1 | F41: influenza a virus (a/reassortant/nymc x-181a(a/nymc x-157 x california/07/2009)(h1n1)) | G41: 2009 | H41: Homo sapiens | I41: 2.3 | J41: X-RAY DIFFRACTION | K41: https://opig.stats.ox.ac.uk/webapps/sabdab-sabpred/sabdab/structureviewer/?pdb=6xq0 | L41: https://www.rcsb.org/structure/6xq0 | M41: IGHV3; IGKV3; homo sapiens
A42: 6XQ4 | B42: 6xq4FE | C42: S8V2-47 | D42: 6 | E42: hemagglutinin H1 | F42: influenza a virus (a/beijing/262/1995(h1n1)) | G42: 1995 | H42: Homo sapiens | I42: 3.347 | J42: X-RAY DIFFRACTION | K42: https://opig.stats.ox.ac.uk/webapps/sabdab-sabpred/sabdab/structureviewer/?pdb=6xq4 | L42: https://www.rcsb.org/structure/6xq4 | M42: IGHV3; IGKV4; homo sapiens
A43: 4GXU | B43: 4gxuNM | C43: 1F1 | D43: 7 | E43: hemagglutinin H1 | F43: influenza A virus (A/Brevig Mission/1/1918 (H1N1)) | G43: 1918 | H43: Homo sapiens | I43: 3.294 | J43: X-RAY DIFFRACTION | K43: https://opig.stats.ox.ac.uk/webapps/sabdab-sabpred/sabdab/structureviewer/?pdb=4gxu | L43: https://www.rcsb.org/structure/4gxu | M43: IGHV3; IGLV1; homo sapiens
A44: 6URM | B44: 6urmED | C44: LPAF-a.01 | D44: 7 | E44: hemagglutinin H1 | F44: influenza A virus (strain A/California/04/2009 (H1N1)) | G44: 2009 | H44: Homo sapiens | I44: 2.65 | J44: X-RAY DIFFRACTION | K44: https://opig.stats.ox.ac.uk/webapps/sabdab-sabpred/sabdab/structureviewer/?pdb=6urm | L44: https://www.rcsb.org/structure/6urm | M44: IGHV2; IGLV3; homo sapiens
A45: 7JIX | B45: 7jixLH | C45: NA (7jixLH) | D45: 8 | E45: hemagglutinin H1 | F45: influenza a virus (a/solomon islands/3/2006(egg passage)(h1n1)) | G45: 2006 | H45: Mus musculus | I45: 3.901 | J45: X-RAY DIFFRACTION | K45: https://opig.stats.ox.ac.uk/webapps/sabdab-sabpred/sabdab/structureviewer/?pdb=7jix | L45: https://www.rcsb.org/structure/7jix | M45: IGHV1; IGKV3; mus musculus

Sheet pdb_chain_sequences
A1: PDB | B1: Chain | C1: Sequence ength | D1: Sequence | E1: species_or | F1: species
A2: 3GBN | B2: A | C2: 493 | D2: ADPGDTICIGYHANNSTDTVDTVLEKNVTVTHSVNLLEDSHNGKLCKLGIAPLQLGKCNIAGWLLGNPECDLLLTASWSYIVETSNSENTCYPGDFIDYEELREQLSSVSSFEKFEIFPSWPNHETTGVTAACSYAGASSFYRNLLWLTKKGSSYPKLSKSYVNNKGKEVLVLWGVHHPPTGTDQQSLYQNADAYVSVGSSKYNRRFTPEIAARPKVRDQAGRMNYYWTLLEPGDTITFEATGNLIAPWYAFALNRGSSGIITSDAPVHDCNTKCQTPHGAINSSLPFQNIHPVTIGECPKYVRSTKLRMATGLRNIPSIGLFGAIAGFIEGGWTGMIDGWYGYHHQNEQGSGYAADQKSTQNAIDGITNKVNSVIEKMNTQFTAVGKEFNNLERRIENLNKKVDDGFLDIWTYNAELLVLLENERTLDFHDSNVRNLYEKVKSQLKNNAKEIGNGCFEFYHKCDDACMESVRNGTYDYPKYSEESKLNREEI | E2: =VLOOKUP(A2,ha_antibody_complexes!A:H,8,FALSE) -> Homo sapiens | F2: =VLOOKUP(E2,species_dict!A:B,2,FALSE) -> human
A3: 3GBN | B3: L | C3: 145 | D3: VLTQPPSVSAAPGQKVTISCSGSSIGNDYVSWYQQLPGTAPKLLIYDNNKRPSGIPDRFSGSKSGTSATLGITGLQTGDEANYYCATWDRRPVVFGGGTKLTVEELQANKATLVCLISDFYGVETTTPSKQSNNKYAASSYLSCQ | E3: =VLOOKUP(A3,ha_antibody_complexes!A:H,8,FALSE) -> Homo sapiens | F3: =VLOOKUP(E3,species_dict!A:B,2,FALSE) -> human
A4: 3GBN | B4: H | C4: 152 | D4: EVQLVESGAEVKKPGSSVKVSCKASGGPFRSYAISWVRQAPGQGPEWMGGIIIFGTTKYAPKFQGRVTITADDFAGTVYMELRSEDTAMYYCAKHMGYQVDVWGKGTTVTVSSASTKGPSVFPLGCLVKDYFPEPVTTFPAVLQSSGLYSLS | E4: =VLOOKUP(A4,ha_antibody_complexes!A:H,8,FALSE) -> Homo sapiens | F4: =VLOOKUP(E4,species_dict!A:B,2,FALSE) -> human
A5: 3LZF | B5: A | C5: 488 | D5: DTICIGYHANNSTDTVDTVLEKNVTVTHSVNLLEDSHNGKLCKLGIAPLQLGKCNIAGWLLGNPECDLLLTASWSYIVETSNSENTCYPGDFIDYEELREQLSSVSSFEKFEIFPSWPNHETTGVTAACSYAGASSFYRNLLWLTKKGSSYPKLSKSYVNNKGKEVLVLWGVHHPPTGTDQQSLYQNADAYVSVGSSKYNRRFTPEIAARPKVRDQAGRMNYYWTLLEPGDTITFEATGNLIAPWYAFALNRGSSGIITSDAPVHDCNTKCQTPHGAINSSLPFQNIHPVTIGECPKYVRSTKLRMATGLRNIPSGLFGAIAGFIEGGWTGMIDGWYGYHHQNEQGSGYAADQKSTQNAIDGITNKVNSVIEKMNTQFTAVGKEFNNLERRIENLNKKVDDGFLDIWTYNAELLVLLENERTLDFHDSNVRNLYEKVKSQLKNNAKEIGNGCFEFYHKCDDACMESVRNGTYDYPKYSEESKLNREEI | E5: =VLOOKUP(A5,ha_antibody_complexes!A:H,8,FALSE) -> Homo sapiens | F5: =VLOOKUP(E5,species_dict!A:B,2,FALSE) -> human
A6: 3LZF | B6: L | C6: 206 | D6: PVLTQPPSASGTPGQRVTISCSGSSIGSNTVSWYQQVPGTAPKLLIYGNNERPSGVPDRFSGSKSATSASLAISGLQSEDEADYYCAAWDDSLWVFGGGTKLTVGQPKAAPSVTLFPPSSEELQANKATLVCLISDFYPGAVTVAWKADSSPVKAGVETTTPSKQSNNKYAASSYLSLTPEQWKSHKSYSCQVTHEGSTVEKTVAP | E6: =VLOOKUP(A6,ha_antibody_complexes!A:H,8,FALSE) -> Homo sapiens | F6: =VLOOKUP(E6,species_dict!A:B,2,FALSE) -> human
A7: 3LZF | B7: H | C7: 202 | D7: VQLVESGPALVKPTQTLTLTCSFSGFSLSTSGMSWIRQPPGKALEWLALIDDDDTYYITYSLKTRLTISKDTSKSQVVLTMDPVDTATYYCARTLRVSGDLWGRGTLVTVSSASTKGPSVFPLAPTAALGCLVKDYFPEPVTVSWNSGALTSGVHTFPAVLQSSGLYSLSSVVTVPSSSLGTQTYICNVNHKPSNTKVDKRV | E7: =VLOOKUP(A7,ha_antibody_complexes!A:H,8,FALSE) -> Homo sapiens | F7: =VLOOKUP(E7,species_dict!A:B,2,FALSE) -> human
A8: 3ZTN | B8: A | C8: 500 | D8: DTLCIGYHANNSTDTVDTVLEKNVTVTHSVNLLEDKHNGKLCKLRGVAPLHLGKCNIAGWILGNPECESLSTASSWSYIVETPSSDNGTCYPGDFIDYEELREQLSSVSSFERFEIFPKTSSWPNHDSNKGVTAACPHAGAKSFYKNLIWLVKKGNSYPKLSKSYINDKGKEVLVLWGIHHPSTSADQQSLYQNADTYVFVGSSRYSKKFKPEIAIRPKVRDQEGRMNYYWTLVEPGDKITFEATGNLVVPRYAFAMERNAGSGIIISDTPVHDCNTTCQTPKGAINTSLPFQNIHPITIGKCPKYVKSTKLRLATGLRNIPSIQSRGLFGAIAGFIEGGWTGMVDGWYGYHHQNEQGSGYAADLKSTQNAIDEITNKVNSVIEKMNTQFTAVGKEFNHLEKRIENLNKKVDDGFLDIWTYNAELLVLLENERTLDYHDSNVKNLYEKVRSQLKNNAKEIGNGCFEFYHKCDNTCMESVKNGTYDYPKYSEEAKLNREEI | E8: =VLOOKUP(A8,ha_antibody_complexes!A:H,8,FALSE) -> Homo sapiens | F8: =VLOOKUP(E8,species_dict!A:B,2,FALSE) -> human
A9: 3ZTN | B9: L | C9: 146 | D9: DIVMTQSPDSLAVSLGERATINCKSSQNYKNYLAWYQQKPGQPPKLLIYWASTRESGVPDRFSGSGSGTDFTLTISSLQAEDVAVYYCQQHYRTPPTFGQGTKVEIKRTVAAPSVLLNNFYPQSGNSQESVTEQDSKDSTYSLSST | E9: =VLOOKUP(A9,ha_antibody_complexes!A:H,8,FALSE) -> Homo sapiens | F9: =VLOOKUP(E9,species_dict!A:B,2,FALSE) -> human
A10: 3ZTN | B10: H | C10: 157 | D10: QVQLVESGGGVVQPGRSLRLSCAASGFTFSTYAMHWVRQAPGKGLEWVAVISDANYKYYADSVKGRFTISRDNSKNTLYLQMRAEDTAVYYCAKDSQLRSDYWGQGTLVTVSSASTKGPSCLVKDYFPEPTFPAVLQSSGLYSLSSVVNHKPSNTKV | E10: =VLOOKUP(A10,ha_antibody_complexes!A:H,8,FALSE) -> Homo sapiens | F10: =VLOOKUP(E10,species_dict!A:B,2,FALSE) -> human
A11: 4F15 | B11: J | C11: 255 | D11: KLRGVAPLHLGKCNIAGWILGNPECESLSTASSWSYIVETSSSDNGTCYPGDFIDYEELREQLSSVSSFERFEIFPKTSSWPNHDSNKGVTAACPHAGAKSFYKNLIWLVKKGNSYPKLSKSYINDKGKEVLVLWGIHHPSTSADQQSLYQNADAYVFVGSSRYSKKFKPEIAIRPKVRDQEGRMNYYWTLVEPGDKITFEATGNLVVPRYAFAMERNAGSGNKVNSVIEKMNTQFLDIWTYNAELLVLLENERT | E11: =VLOOKUP(A11,ha_antibody_complexes!A:H,8,FALSE) -> Mus Musculus | F11: =VLOOKUP(E11,species_dict!A:B,2,FALSE) -> mouse
A12: 4F15 | B12: L | C12: 203 | D12: IQMTQSPASLAVSPGQRATITCRASESVSNFINWFQQKPGQPPKLLIYTASNKGTGVPARFSGSGSGTDFTLTINPVEAEDTANYFCQQTKEVPYGTFGGTKLEIKRADAAPTVSIFPPSSEQLTSGASVVCFLNNFYPKINVKWKIDGSERQNGVLNSWTDQDSKDSTYSMSSTLTLYERHNSYTCEATHKTSTSPIVKSFN | E12: =VLOOKUP(A12,ha_antibody_complexes!A:H,8,FALSE) -> Mus Musculus | F12: =VLOOKUP(E12,species_dict!A:B,2,FALSE) -> mouse
A13: 4F15 | B13: K | C13: 208 | D13: VKLQESGAVVQPGGSLRLSCAASGFTGSDYDMSWIRQAPGKGLEWVSGILGGSERSYYRDSVKGRSTISRDNSRKTLYLEMNSLRAEDTAVYYCARHSWGGWGQGTTVTVSSASTKGPSVFPLAPSTSGGTAALGCLVKDYFPEPVTVSWNSGALTSSVHTFPAVLQSSGLYSLSSVVTVPSSSLGTQTYICNVNHKPSNTKVDKKSC | E13: =VLOOKUP(A13,ha_antibody_complexes!A:H,8,FALSE) -> Mus Musculus | F13: =VLOOKUP(E13,species_dict!A:B,2,FALSE) -> mouse
... A172: 8GV5 | B172: C | C172: 124 | D172: QVQLVESGGGVVQPGRSLRLSCAASGFPFSSYGMHWVRQAPGKGLEWVAGVSYDGSYKYYADSVKGRFTISRDSSKSTLYLQMNSLRPEDTAVYYCARPSAIFGIYIILNGLDVWGQGTTVTVS | E172: =VLOOKUP(A172,ha_antibody_complexes!A:H,8,FALSE) -> Homo sapiens | F172: =VLOOKUP(E172,species_dict!A:B,2,FALSE) -> human

Sheet species_dict
A1: Homo sapiens human
B2: Homo sapiens -> human
B3: Lama Glama -> alpaca
B4: Macaca Fascicularis -> rhesus
B5: Macaca Mulatta -> rhesus
B6: Mus musculus -> mouse
A8: Homo sapiens | B8: human
A9: Lama Glama | B9: alpaca
A10: Macaca Fascicularis | B10: rhesus
A11: Macaca Mulatta | B11: rhesus
A12: Mus musculus | B12: mouse
D15: Homo sapiens
